{"stats":{"minecraft:mined":{"minecraft:red_bed":2,"minecraft:dirt":1},"minecraft:custom":{"minecraft:jump":44,"minecraft:time_since_rest":778,"minecraft:leave_game":1,"minecraft:damage_taken":20,"minecraft:sprint_one_cm":3867,"minecraft:play_time":8012,"minecraft:walk_on_water_one_cm":598,"minecraft:time_since_death":8012,"minecraft:walk_one_cm":4652,"minecraft:sleep_in_bed":2,"minecraft:sneak_time":125,"minecraft:total_world_time":8012,"minecraft:walk_under_water_one_cm":2514,"minecraft:swim_one_cm":5229,"minecraft:fall_one_cm":404,"minecraft:fly_one_cm":12125}},"DataVersion":3465}