{"stats":{"minecraft:dropped":{"minecraft:wheat_seeds":1},"minecraft:killed":{"minecraft:sheep":2},"minecraft:picked_up":{"minecraft:lime_stained_glass_pane":1,"tacz:ammo":120,"minecraft:cooked_porkchop":64,"tacz:modern_kinetic_gun":1,"minecraft:stone_axe":1,"minecraft:wheat_seeds":1,"minecraft:stone_pickaxe":1,"minecraft:oak_log":5,"sophisticatedbackpacks:netherite_backpack":1,"minecraft:mutton":3,"minecraft:white_wool":2,"minecraft:red_bed":1},"minecraft:mined":{"minecraft:grass":2,"minecraft:oak_log":5,"minecraft:red_bed":3,"minecraft:dirt":1,"minecraft:tall_grass":1,"minecraft:oak_leaves":3},"minecraft:used":{"minecraft:stone_axe":14,"minecraft:lime_stained_glass_pane":1},"minecraft:custom":{"minecraft:time_since_rest":218,"minecraft:open_chest":5,"minecraft:crouch_one_cm":1397,"minecraft:sprint_one_cm":11254,"minecraft:play_time":16216,"minecraft:damage_taken":20,"minecraft:walk_one_cm":29150,"minecraft:sneak_time":412,"minecraft:walk_under_water_one_cm":2514,"minecraft:mob_kills":2,"minecraft:drop":1,"minecraft:jump":184,"minecraft:damage_dealt":159,"minecraft:leave_game":1,"minecraft:walk_on_water_one_cm":598,"minecraft:time_since_death":16216,"minecraft:sleep_in_bed":3,"minecraft:total_world_time":16216,"minecraft:swim_one_cm":5229,"minecraft:fall_one_cm":1987,"minecraft:fly_one_cm":24149}},"DataVersion":3465}