{"stats":{"minecraft:dropped":{"unusualprehistory:barinasuchus_spawn_egg":1,"tacz:modern_kinetic_gun":3},"minecraft:killed":{"minecraft:sheep":7,"minecraft:horse":5,"minecraft:pig":4,"unusualprehistory:barinasuchus":1,"minecraft:cow":2},"minecraft:picked_up":{"tacz:modern_kinetic_gun":2},"minecraft:used":{"minecraft:sea_lantern":2,"unusualprehistory:barinasuchus_spawn_egg":1,"minecraft:chest":2,"minecraft:ochre_froglight":8,"minecraft:pearlescent_froglight":8},"minecraft:custom":{"minecraft:open_chest":6,"minecraft:time_since_rest":13248,"minecraft:crouch_one_cm":3443,"minecraft:sprint_one_cm":4800,"minecraft:play_time":13248,"minecraft:walk_one_cm":24355,"minecraft:sneak_time":961,"minecraft:mob_kills":19,"minecraft:drop":4,"minecraft:jump":43,"minecraft:leave_game":1,"minecraft:time_since_death":13248,"minecraft:total_world_time":13248,"minecraft:fly_one_cm":48237}},"DataVersion":3465}