{"stats":{"minecraft:dropped":{"unusualprehistory:barinasuchus_spawn_egg":1,"minecraft:stone_axe":1,"minecraft:cooked_porkchop":64,"sophisticatedbackpacks:netherite_backpack":2,"tacz:modern_kinetic_gun":4,"minecraft:lantern":1,"tacz:ammo":120,"minecraft:lime_stained_glass_pane":1,"minecraft:stone_pickaxe":1,"minecraft:stick":1},"minecraft:crafted":{"sophisticatedbackpacks:netherite_backpack":8},"minecraft:killed":{"minecraft:sheep":7,"minecraft:horse":5,"minecraft:skeleton":5,"minecraft:zombie":8,"minecraft:pig":4,"unusualprehistory:barinasuchus":1,"minecraft:spider":1,"minecraft:creeper":2,"minecraft:cow":3},"minecraft:mined":{"minecraft:red_bed":3,"minecraft:oak_log":33,"minecraft:oak_leaves":1},"minecraft:picked_up":{"minecraft:stick":1,"minecraft:lime_stained_glass_pane":13,"minecraft:cooked_porkchop":64,"minecraft:leather":2,"minecraft:magenta_stained_glass_pane":7,"minecraft:oak_log":33,"minecraft:dirt":1,"minecraft:red_bed":5,"tacz:ammo":120,"minecraft:stone_axe":1,"minecraft:wheat_seeds":1,"tacz:modern_kinetic_gun":3,"minecraft:beef":1,"minecraft:stone_pickaxe":1,"minecraft:oak_sapling":4,"sophisticatedbackpacks:netherite_backpack":2},"minecraft:used":{"minecraft:sea_lantern":2,"minecraft:lantern":5,"minecraft:chest":3,"minecraft:spruce_trapdoor":20,"minecraft:deepslate_bricks":36,"minecraft:stone_axe":35,"minecraft:dirt":12,"unusualprehistory:barinasuchus_spawn_egg":1,"minecraft:crafting_table":2,"minecraft:red_bed":6,"minecraft:ochre_froglight":8,"minecraft:pearlescent_froglight":8,"minecraft:deepslate_brick_stairs":35},"minecraft:custom":{"minecraft:time_since_rest":218,"minecraft:sprint_one_cm":27382,"minecraft:walk_one_cm":85026,"minecraft:mob_kills":36,"minecraft:drop":15,"minecraft:damage_dealt":300,"minecraft:interact_with_crafting_table":6,"minecraft:fly_one_cm":104368,"minecraft:open_chest":36,"minecraft:crouch_one_cm":9084,"minecraft:play_time":87241,"minecraft:sneak_time":2830,"minecraft:jump":263,"minecraft:leave_game":2,"minecraft:time_since_death":87241,"minecraft:sleep_in_bed":4,"minecraft:total_world_time":87241,"minecraft:fall_one_cm":836}},"DataVersion":3465}