{"stats":{"minecraft:dropped":{"unusualprehistory:barinasuchus_spawn_egg":1,"tacz:modern_kinetic_gun":3},"minecraft:crafted":{"sophisticatedbackpacks:netherite_backpack":7},"minecraft:killed":{"minecraft:sheep":7,"minecraft:horse":5,"minecraft:pig":4,"minecraft:creeper":1,"unusualprehistory:barinasuchus":1,"minecraft:cow":2},"minecraft:picked_up":{"tacz:modern_kinetic_gun":2},"minecraft:used":{"minecraft:deepslate_bricks":36,"minecraft:sea_lantern":2,"unusualprehistory:barinasuchus_spawn_egg":1,"minecraft:crafting_table":1,"minecraft:lantern":5,"minecraft:chest":2,"minecraft:ochre_froglight":8,"minecraft:pearlescent_froglight":8,"minecraft:spruce_trapdoor":20,"minecraft:deepslate_brick_stairs":35},"minecraft:custom":{"minecraft:open_chest":17,"minecraft:time_since_rest":27241,"minecraft:crouch_one_cm":5552,"minecraft:sprint_one_cm":10795,"minecraft:play_time":27241,"minecraft:walk_one_cm":58505,"minecraft:sneak_time":1559,"minecraft:mob_kills":20,"minecraft:drop":4,"minecraft:jump":151,"minecraft:damage_dealt":200,"minecraft:leave_game":2,"minecraft:time_since_death":27241,"minecraft:total_world_time":27241,"minecraft:interact_with_crafting_table":5,"minecraft:fly_one_cm":76319}},"DataVersion":3465}