{"stats":{"minecraft:dropped":{"unusualprehistory:barinasuchus_spawn_egg":1,"tacz:modern_kinetic_gun":3},"minecraft:crafted":{"sophisticatedbackpacks:netherite_backpack":7},"minecraft:killed":{"minecraft:sheep":7,"minecraft:horse":5,"minecraft:pig":4,"unusualprehistory:barinasuchus":1,"minecraft:cow":2},"minecraft:picked_up":{"tacz:modern_kinetic_gun":2},"minecraft:used":{"minecraft:deepslate_bricks":36,"minecraft:sea_lantern":2,"unusualprehistory:barinasuchus_spawn_egg":1,"minecraft:crafting_table":1,"minecraft:lantern":2,"minecraft:chest":2,"minecraft:ochre_froglight":8,"minecraft:pearlescent_froglight":8,"minecraft:spruce_trapdoor":20,"minecraft:deepslate_brick_stairs":35},"minecraft:custom":{"minecraft:open_chest":17,"minecraft:time_since_rest":21694,"minecraft:crouch_one_cm":4579,"minecraft:sprint_one_cm":6168,"minecraft:play_time":21694,"minecraft:walk_one_cm":53426,"minecraft:sneak_time":1295,"minecraft:mob_kills":19,"minecraft:drop":4,"minecraft:jump":54,"minecraft:leave_game":2,"minecraft:time_since_death":21694,"minecraft:total_world_time":21694,"minecraft:interact_with_crafting_table":5,"minecraft:fly_one_cm":50249}},"DataVersion":3465}