{"stats":{"minecraft:dropped":{"unusualprehistory:barinasuchus_spawn_egg":1,"tacz:modern_kinetic_gun":3,"minecraft:lantern":1},"minecraft:crafted":{"sophisticatedbackpacks:netherite_backpack":7},"minecraft:killed":{"minecraft:spider":1,"minecraft:skeleton":5,"minecraft:sheep":7,"minecraft:horse":5,"minecraft:zombie":8,"minecraft:pig":4,"minecraft:creeper":2,"unusualprehistory:barinasuchus":1,"minecraft:cow":2},"minecraft:picked_up":{"tacz:modern_kinetic_gun":2,"minecraft:dirt":1,"minecraft:red_bed":2},"minecraft:used":{"minecraft:deepslate_bricks":36,"minecraft:sea_lantern":2,"minecraft:dirt":12,"unusualprehistory:barinasuchus_spawn_egg":1,"minecraft:crafting_table":1,"minecraft:red_bed":4,"minecraft:lantern":5,"minecraft:chest":3,"minecraft:ochre_froglight":8,"minecraft:pearlescent_froglight":8,"minecraft:spruce_trapdoor":20,"minecraft:deepslate_brick_stairs":35},"minecraft:custom":{"minecraft:open_chest":23,"minecraft:time_since_rest":42310,"minecraft:crouch_one_cm":6937,"minecraft:sprint_one_cm":12648,"minecraft:play_time":75241,"minecraft:walk_one_cm":70546,"minecraft:sneak_time":1900,"minecraft:mob_kills":35,"minecraft:drop":5,"minecraft:jump":199,"minecraft:damage_dealt":200,"minecraft:leave_game":2,"minecraft:time_since_death":75241,"minecraft:sleep_in_bed":3,"minecraft:total_world_time":75241,"minecraft:interact_with_crafting_table":5,"minecraft:fly_one_cm":88677}},"DataVersion":3465}