{
  "minecraft:recipes/decorations/crafting_table": {
    "criteria": {
      "unlock_right_away": "2024-08-19 18:27:05 +0000"
    },
    "done": true
  },
  "iceandfire:iceandfire/root": {
    "criteria": {
      "tick": "2024-08-19 18:27:05 +0000"
    },
    "done": true
  },
  "weaponmaster:parts/root": {
    "criteria": {
      "crafting_table": "2024-08-19 18:27:05 +0000"
    },
    "done": true
  },
  "minecraft:adventure/adventuring_time": {
    "criteria": {
      "minecraft:beach": "2024-08-19 18:27:06 +0000",
      "minecraft:cold_ocean": "2024-08-19 18:34:06 +0000",
      "minecraft:forest": "2024-08-19 18:27:34 +0000",
      "minecraft:plains": "2024-08-19 18:27:36 +0000"
    },
    "done": false
  },
  "iceandfire:recipes/misc/dragon_meal": {
    "criteria": {
      "has_item": "2024-08-19 18:36:07 +0000"
    },
    "done": true
  },
  "minecraft:main/barina": {
    "criteria": {
      "killed_barina": "2024-08-19 18:29:08 +0000"
    },
    "done": true
  },
  "minecraft:adventure/root": {
    "criteria": {
      "killed_something": "2024-08-19 18:29:08 +0000"
    },
    "done": true
  },
  "minecraft:story/root": {
    "criteria": {
      "crafting_table": "2024-08-19 18:38:14 +0000"
    },
    "done": true
  },
  "DataVersion": 3465
}