{
  "minecraft:recipes/decorations/crafting_table": {
    "criteria": {
      "unlock_right_away": "2024-08-19 18:27:05 +0000"
    },
    "done": true
  },
  "iceandfire:iceandfire/root": {
    "criteria": {
      "tick": "2024-08-19 18:27:05 +0000"
    },
    "done": true
  },
  "weaponmaster:parts/root": {
    "criteria": {
      "crafting_table": "2024-08-19 18:27:05 +0000"
    },
    "done": true
  },
  "minecraft:adventure/adventuring_time": {
    "criteria": {
      "minecraft:beach": "2024-08-19 18:27:06 +0000",
      "minecraft:forest": "2024-08-19 18:27:34 +0000",
      "minecraft:plains": "2024-08-19 18:27:36 +0000"
    },
    "done": false
  },
  "DataVersion": 3465
}